<?xml version="1.0" standalone="yes"?>
<mi:PackageInstaller xmlns:mi="http://www.composite.net/ns/management/packageinstaller/1.0">
	<mi:PackageRequirements minimumCompositeVersion="3.2.4464.24641" maximumCompositeVersion="9.9999.9999.9999" />
	<mi:PackageInformation name="Composite.Community.Newsletter" groupName="Composite.Community" version="1.7.29" author="Composite A/S" website="http://composite.net" readMoreUrl="http://docs.composite.net/Composite.Community.Newsletter" id="b9d6fe7d-2a4a-4414-818c-b4d62cd6421b" canBeUninstalled="true" systemLocking="hard" flushOnCompletion="false" reloadConsoleOnCompletion="true">
		<Description>Allows you to prepare and regularly send newsletters to your customers and subscribed users informing them of your news, upcoming events and other activities.</Description>
		<TechnicalDetails>Handled as an element provider with workflows, a pluggable architecture for mailing lists/members, and a default plug-in that relies on dynamic data (and custom C# data types) for managing subscribers.</TechnicalDetails>
	</mi:PackageInformation>
	<mi:PackageFragmentInstallerBinaries>
		<mi:Add path="~\Bin\Composite.Community.Newsletter.dll" />
		<mi:Add path="~\Bin\Composite.Community.Newsletter.DataTypeBased.dll" />
		<mi:Add path="~\Bin\Composite.Community.Newsletter.FunctionBased.dll" />
		<mi:Add path="~\Bin\Composite.Community.Newsletter.SubjectBased.dll" />
	</mi:PackageFragmentInstallerBinaries>
	<mi:PackageFragmentInstallers>
		<mi:Add installerType="Composite.Core.PackageSystem.PackageFragmentInstallers.PackageLicenseFragmentInstaller, Composite" uninstallerType="Composite.Core.PackageSystem.PackageFragmentInstallers.PackageLicenseFragmentUninstaller, Composite">
			<RSAKeyValue>
				<Modulus>uAbSvVwlt2Z1oCbKIFy8aqx4Lh+MTB4af2w3OvoB6f5tKxepwnNTXMGmK1Rn853VPzZ0gEckzTQQKh+9qdyoZSe/4ifEAXQZehNbpEniojqWL6qvK203mUV3isdMwW401F2OC+NQxZMBh0yFPNzi8HWClPyr4xkIszpRovjPpUk=</Modulus>
				<Exponent>AQAB</Exponent>
			</RSAKeyValue>
		</mi:Add>
		<mi:Add installerType="Composite.Core.PackageSystem.PackageFragmentInstallers.ConfigurationTransformationPackageFragmentInstaller, Composite" uninstallerType="Composite.Core.PackageSystem.PackageFragmentInstallers.ConfigurationTransformationPackageFragmentUninstaller, Composite">
			<Install xsltFilePath="~\Config\Install.xsl" />
			<Uninstall xsltFilePath="~\Config\Uninstall.xsl" />
		</mi:Add>
		<mi:Add installerType="Composite.Core.PackageSystem.PackageFragmentInstallers.FilePackageFragmentInstaller, Composite" uninstallerType="Composite.Core.PackageSystem.PackageFragmentInstallers.FilePackageFragmentUninstaller, Composite">
			<Files>
				<File sourceFilename="~\App_Data\Xslt\Composite\Community\Newsletter\SubjectBased\ConfirmLink.xsl" targetFilename="~\App_Data\Xslt\Composite\Community\Newsletter\SubjectBased\ConfirmLink.xsl" allowOverwrite="false" />
				<File sourceFilename="~\App_Data\Xslt\Composite\Community\Newsletter\SubjectBased\SubscribeForm.xsl" targetFilename="~\App_Data\Xslt\Composite\Community\Newsletter\SubjectBased\SubscribeForm.xsl" allowOverwrite="false" />
				<File sourceFilename="~\App_Data\Xslt\Composite\Community\Newsletter\UnsubscribeForm.xsl" targetFilename="~\App_Data\Xslt\Composite\Community\Newsletter\UnsubscribeForm.xsl" allowOverwrite="false" />
				<File sourceFilename="~\App_Data\Xslt\Composite\Community\Newsletter\UnsubscribeLink.xsl" targetFilename="~\App_Data\Xslt\Composite\Community\Newsletter\UnsubscribeLink.xsl" allowOverwrite="false" />
				<File sourceFilename="~\Composite\InstalledPackages\localization\Composite.Community.Newsletter.SubjectBased.en-us.xml" targetFilename="~\Composite\InstalledPackages\localization\Composite.Community.Newsletter.SubjectBased.en-us.xml" allowOverwrite="false" />
				<File sourceFilename="~\Composite\InstalledPackages\localization\Composite.Community.Newsletter.en-us.xml" targetFilename="~\Composite\InstalledPackages\localization\Composite.Community.Newsletter.en-us.xml" allowOverwrite="false" />
				<File sourceFilename="~\Composite\InstalledPackages\localization\Composite.Community.Newsletter.DataTypeBased.en-us.xml" targetFilename="~\Composite\InstalledPackages\localization\Composite.Community.Newsletter.DataTypeBased.en-us.xml" allowOverwrite="false" />
				<File sourceFilename="~\Composite\InstalledPackages\localization\Composite.Community.Newsletter.FunctionBased.en-us.xml" targetFilename="~\Composite\InstalledPackages\localization\Composite.Community.Newsletter.FunctionBased.en-us.xml" allowOverwrite="false" />
				<File sourceFilename="~\Newsletter.ashx" targetFilename="~\Newsletter.ashx" allowOverwrite="false" />
				<File sourceFilename="~\App_Data\Composite\TreeDefinitions\Composite.Community.Newsletter.SubjectBased.xml" targetFilename="~\App_Data\Composite\TreeDefinitions\Composite.Community.Newsletter.SubjectBased.xml" allowOverwrite="false" />
				<File sourceFilename="~\App_GlobalResources\Composite\Community\Newsletter.resx" targetFilename="~\App_GlobalResources\Composite\Community\Newsletter.resx" allowOverwrite="false" />
				<File sourceFilename="~\App_Data\Composite\DynamicTypeForms\Composite\Community\Newsletter\ConfirmEmailTemplate.xml" targetFilename="~\App_Data\Composite\DynamicTypeForms\Composite\Community\Newsletter\ConfirmEmailTemplate.xml" allowOverwrite="false" />
				<File sourceFilename="~\Bin\Composite.Community.Newsletter.dll" targetFilename="~\Bin\Composite.Community.Newsletter.dll" allowOverwrite="false" />
				<File sourceFilename="~\Bin\Composite.Community.Newsletter.DataTypeBased.dll" targetFilename="~\Bin\Composite.Community.Newsletter.DataTypeBased.dll" allowOverwrite="false" />
				<File sourceFilename="~\Bin\Composite.Community.Newsletter.FunctionBased.dll" targetFilename="~\Bin\Composite.Community.Newsletter.FunctionBased.dll" allowOverwrite="false" />
				<File sourceFilename="~\Bin\Composite.Community.Newsletter.SubjectBased.dll" targetFilename="~\Bin\Composite.Community.Newsletter.SubjectBased.dll" allowOverwrite="false" />
			</Files>
			<Directories>
				<Directory sourceDirectory="~\Composite\InstalledPackages\content\views\Composite.Community.Newsletter\" targetDirectory="~\Composite\InstalledPackages\content\views\Composite.Community.Newsletter\" allowOverwrite="true" deleteTargetDirectory="false" />
				<Directory sourceDirectory="~\Composite\InstalledPackages\content\forms\Composite.Community.Newsletter\" targetDirectory="~\Composite\InstalledPackages\content\forms\Composite.Community.Newsletter\" allowOverwrite="true" deleteTargetDirectory="false" />
				<Directory sourceDirectory="~\Composite\InstalledPackages\content\forms\Composite.Community.Newsletter.DataTypeBased\" targetDirectory="~\Composite\InstalledPackages\content\forms\Composite.Community.Newsletter.DataTypeBased\" allowOverwrite="true" deleteTargetDirectory="false" />
				<Directory sourceDirectory="~\Composite\InstalledPackages\content\forms\Composite.Community.Newsletter.FunctionBased\" targetDirectory="~\Composite\InstalledPackages\content\forms\Composite.Community.Newsletter.FunctionBased\" allowOverwrite="true" deleteTargetDirectory="false" />
				<Directory sourceDirectory="~\Composite\InstalledPackages\content\forms\Composite.Community.Newsletter.SubjectBased\" targetDirectory="~\Composite\InstalledPackages\content\forms\Composite.Community.Newsletter.SubjectBased\" allowOverwrite="true" deleteTargetDirectory="false" />
				<Directory sourceDirectory="~\Frontend\Composite\Community\Newsletter\" targetDirectory="~\Frontend\Composite\Community\Newsletter\" allowOverwrite="true" deleteTargetDirectory="false" />
			</Directories>
		</mi:Add>
		<mi:Add installerType="Composite.Core.PackageSystem.PackageFragmentInstallers.DataTypePackageFragmentInstaller, Composite" uninstallerType="Composite.Core.PackageSystem.PackageFragmentInstallers.DataTypePackageFragmentUninstaller, Composite">
			<Types>
				<Type name="Composite.Community.Newsletter.SubjectBased.ISubject, Composite.Community.Newsletter.SubjectBased" />
				<Type name="Composite.Community.Newsletter.SubjectBased.IMember, Composite.Community.Newsletter.SubjectBased" />
				<Type name="Composite.Community.Newsletter.SubjectBased.ISubjectMember, Composite.Community.Newsletter.SubjectBased" />
				<Type name="Composite.Community.Newsletter.Data.Types.INewsletterType, Composite.Community.Newsletter" />
				<Type name="Composite.Community.Newsletter.Data.Types.INewsletter, Composite.Community.Newsletter" />
				<Type name="Composite.Community.Newsletter.Data.Types.ISendNewsletter, Composite.Community.Newsletter" />
				<Type name="Composite.Community.Newsletter.Data.Types.INewsletterRecipient, Composite.Community.Newsletter" />
				<Type name="Composite.Community.Newsletter.Data.Types.INewsletterPlaceholderContent, Composite.Community.Newsletter" />
				<Type name="Composite.Community.Newsletter.Data.Types.IShortLink, Composite.Community.Newsletter" />
				<Type name="Composite.Community.Newsletter.Data.Types.IStatisticsLinks, Composite.Community.Newsletter" />
				<Type name="Composite.Community.Newsletter.Data.Types.IStatisticsPoints, Composite.Community.Newsletter" />
				<Type name="Composite.Community.Newsletter.Data.Types.INeverMail, Composite.Community.Newsletter" />
				<Type name="Composite.Community.Newsletter.DataTypeBased.Data.Types.IDataTypeSubject, Composite.Community.Newsletter.DataTypeBased" />
				<Type name="Composite.Community.Newsletter.FunctionBased.Data.Types.IFunctionBasedList, Composite.Community.Newsletter.FunctionBased" />
			</Types>
		</mi:Add>
		<mi:Add installerType="Composite.Core.PackageSystem.PackageFragmentInstallers.DynamicDataTypePackageFragmentInstaller, Composite" uninstallerType="Composite.Core.PackageSystem.PackageFragmentInstallers.DynamicDataTypePackageFragmentUninstaller, Composite">
			<Types>
				<Type providerName="GeneratedDataTypesElementProvider" dataTypeDescriptor="&lt;DataTypeDescriptor dataTypeId=&quot;ceeb1576-3468-4bd2-b50d-a04783ba9410&quot; name=&quot;ConfirmEmailTemplate&quot; namespace=&quot;Composite.Community.Newsletter&quot; title=&quot;ConfirmEmailTemplate&quot; hasCustomPhysicalSortOrder=&quot;false&quot; isCodeGenerated=&quot;true&quot; cachable=&quot;false&quot; labelFieldName=&quot;Name&quot; typeManagerTypeName=&quot;Composite.Community.Newsletter.ConfirmEmailTemplate&quot; version=&quot;1&quot;&gt;&#xD;&#xA;  &lt;DataAssociations /&gt;&#xD;&#xA;  &lt;DataScopes&gt;&#xD;&#xA;    &lt;DataScopeIdentifier name=&quot;public&quot; /&gt;&#xD;&#xA;  &lt;/DataScopes&gt;&#xD;&#xA;  &lt;KeyPropertyNames&gt;&#xD;&#xA;    &lt;KeyPropertyName name=&quot;Id&quot; /&gt;&#xD;&#xA;  &lt;/KeyPropertyNames&gt;&#xD;&#xA;  &lt;SuperInterfaces&gt;&#xD;&#xA;    &lt;SuperInterface type=&quot;Composite.Data.ProcessControlled.ILocalizedControlled,Composite&quot; /&gt;&#xD;&#xA;    &lt;SuperInterface type=&quot;Composite.Data.ProcessControlled.IProcessControlled,Composite&quot; /&gt;&#xD;&#xA;  &lt;/SuperInterfaces&gt;&#xD;&#xA;  &lt;Fields&gt;&#xD;&#xA;    &lt;DataFieldDescriptor id=&quot;5ff67086-b140-4738-a111-ca62626aa10d&quot; name=&quot;Id&quot; isNullable=&quot;false&quot; position=&quot;-1&quot; groupByPriority=&quot;0&quot; inherited=&quot;false&quot; instanceType=&quot;System.Guid, mscorlib, Version=4.0.0.0, Culture=neutral, PublicKeyToken=b77a5c561934e089&quot; storeType=&quot;PhysicalStoreType='Guid'&quot; isReadOnly=&quot;false&quot;&gt;&#xD;&#xA;      &lt;FormRenderingProfile /&gt;&#xD;&#xA;      &lt;ValidationFunctionMarkups /&gt;&#xD;&#xA;    &lt;/DataFieldDescriptor&gt;&#xD;&#xA;    &lt;DataFieldDescriptor id=&quot;20d7ebaf-b266-4403-887d-04ad38cd91f1&quot; name=&quot;Name&quot; isNullable=&quot;false&quot; position=&quot;0&quot; groupByPriority=&quot;0&quot; inherited=&quot;false&quot; instanceType=&quot;System.String, mscorlib, Version=4.0.0.0, Culture=neutral, PublicKeyToken=b77a5c561934e089&quot; storeType=&quot;PhysicalStoreType='String'Length='128'&quot; isReadOnly=&quot;false&quot; defaultValue=&quot;ValueType='String'Value=''&quot;&gt;&#xD;&#xA;      &lt;FormRenderingProfile label=&quot;Name&quot; helpText=&quot;&quot; widgetFunctionMarkup=&quot;&amp;lt;f:widgetfunction xmlns:f=&amp;quot;http://www.composite.net/ns/function/1.0&amp;quot; name=&amp;quot;Composite.Widgets.String.TextBox&amp;quot; label=&amp;quot;&amp;quot; bindingsourcename=&amp;quot;&amp;quot;&amp;gt;&amp;lt;f:helpdefinition xmlns:f=&amp;quot;http://www.composite.net/ns/function/1.0&amp;quot; helptext=&amp;quot;&amp;quot; /&amp;gt;&amp;lt;/f:widgetfunction&amp;gt;&quot; /&gt;&#xD;&#xA;      &lt;ValidationFunctionMarkups /&gt;&#xD;&#xA;    &lt;/DataFieldDescriptor&gt;&#xD;&#xA;    &lt;DataFieldDescriptor id=&quot;d879d67e-04c1-4800-ba4b-ddd6b08c7169&quot; name=&quot;Subject&quot; isNullable=&quot;false&quot; position=&quot;1&quot; groupByPriority=&quot;0&quot; inherited=&quot;false&quot; instanceType=&quot;System.String, mscorlib, Version=4.0.0.0, Culture=neutral, PublicKeyToken=b77a5c561934e089&quot; storeType=&quot;PhysicalStoreType='String'Length='128'&quot; isReadOnly=&quot;false&quot; defaultValue=&quot;ValueType='String'Value=''&quot;&gt;&#xD;&#xA;      &lt;FormRenderingProfile label=&quot;Subject&quot; helpText=&quot;&quot; widgetFunctionMarkup=&quot;&amp;lt;f:widgetfunction xmlns:f=&amp;quot;http://www.composite.net/ns/function/1.0&amp;quot; name=&amp;quot;Composite.Widgets.String.TextBox&amp;quot; label=&amp;quot;&amp;quot; bindingsourcename=&amp;quot;&amp;quot;&amp;gt;&amp;lt;f:helpdefinition xmlns:f=&amp;quot;http://www.composite.net/ns/function/1.0&amp;quot; helptext=&amp;quot;&amp;quot; /&amp;gt;&amp;lt;/f:widgetfunction&amp;gt;&quot; /&gt;&#xD;&#xA;      &lt;ValidationFunctionMarkups /&gt;&#xD;&#xA;    &lt;/DataFieldDescriptor&gt;&#xD;&#xA;    &lt;DataFieldDescriptor id=&quot;9efba134-62d2-48fb-b2bd-950885b93370&quot; name=&quot;Template&quot; isNullable=&quot;false&quot; position=&quot;2&quot; groupByPriority=&quot;0&quot; inherited=&quot;false&quot; instanceType=&quot;System.String, mscorlib, Version=4.0.0.0, Culture=neutral, PublicKeyToken=b77a5c561934e089&quot; storeType=&quot;PhysicalStoreType='LargeString'&quot; isReadOnly=&quot;false&quot; newInstanceDefaultFieldValue=&quot;&amp;lt;f:function xmlns:f=&amp;quot;http://www.composite.net/ns/function/1.0&amp;quot; name=&amp;quot;Composite.Constant.String&amp;quot;&amp;gt;&amp;lt;f:param name=&amp;quot;Constant&amp;quot; value=&amp;quot;&amp;amp;lt;html xmlns=&amp;amp;quot;http://www.w3.org/1999/xhtml&amp;amp;quot;&amp;amp;gt;&amp;amp;#xA;&amp;amp;#x9;&amp;amp;lt;head&amp;amp;gt;&amp;amp;lt;/head&amp;amp;gt;&amp;amp;#xA;&amp;amp;#x9;&amp;amp;lt;body&amp;amp;gt;&amp;amp;#xA;&amp;amp;#x9;&amp;amp;#x9;&amp;amp;lt;h2&amp;amp;gt;Hi,&amp;amp;#xA;&amp;amp;#x9;&amp;amp;#x9;&amp;amp;#x9;&amp;amp;lt;data:fieldreference fieldname=&amp;amp;quot;Name&amp;amp;quot; typemanagername=&amp;amp;quot;Composite.Community.Newsletter.SubjectBased.IMember,Composite.Community.Newsletter.SubjectBased&amp;amp;quot; xmlns:data=&amp;amp;quot;http://www.composite.net/ns/dynamicdata/1.0&amp;amp;quot; /&amp;amp;gt;.&amp;amp;#xA;&amp;amp;#x9;&amp;amp;#x9;&amp;amp;lt;/h2&amp;amp;gt;&amp;amp;#xA;&amp;amp;#x9;&amp;amp;#x9;&amp;amp;lt;p&amp;amp;gt;Please confirm your subscription by clicking this link: &amp;amp;lt;/p&amp;amp;gt;&amp;amp;#xA;&amp;amp;#x9;&amp;amp;#x9;&amp;amp;lt;f:function name=&amp;amp;quot;Composite.Community.Newsletter.SubjectBased.ConfirmLink&amp;amp;quot; xmlns:f=&amp;amp;quot;http://www.composite.net/ns/function/1.0&amp;amp;quot; /&amp;amp;gt;&amp;amp;#xA;&amp;amp;#x9;&amp;amp;lt;/body&amp;amp;gt;&amp;amp;#xA;&amp;amp;lt;/html&amp;amp;gt;&amp;quot; /&amp;gt;&amp;lt;/f:function&amp;gt;&quot; defaultValue=&quot;ValueType='String'Value=''&quot;&gt;&#xD;&#xA;      &lt;FormRenderingProfile label=&quot;Template&quot; helpText=&quot;&quot; widgetFunctionMarkup=&quot;&amp;lt;f:widgetfunction xmlns:f=&amp;quot;http://www.composite.net/ns/function/1.0&amp;quot; name=&amp;quot;Composite.Widgets.String.TextBox&amp;quot; label=&amp;quot;&amp;quot; bindingsourcename=&amp;quot;&amp;quot;&amp;gt;&amp;lt;f:helpdefinition xmlns:f=&amp;quot;http://www.composite.net/ns/function/1.0&amp;quot; helptext=&amp;quot;&amp;quot; /&amp;gt;&amp;lt;/f:widgetfunction&amp;gt;&quot; /&gt;&#xD;&#xA;      &lt;ValidationFunctionMarkups /&gt;&#xD;&#xA;    &lt;/DataFieldDescriptor&gt;&#xD;&#xA;    &lt;DataFieldDescriptor id=&quot;73150dfc-f3c8-45db-84e8-e258912a0bd5&quot; name=&quot;FromName&quot; isNullable=&quot;false&quot; position=&quot;3&quot; groupByPriority=&quot;0&quot; inherited=&quot;false&quot; instanceType=&quot;System.String, mscorlib, Version=4.0.0.0, Culture=neutral, PublicKeyToken=b77a5c561934e089&quot; storeType=&quot;PhysicalStoreType='String'Length='64'&quot; isReadOnly=&quot;false&quot; defaultValue=&quot;ValueType='String'Value=''&quot;&gt;&#xD;&#xA;      &lt;FormRenderingProfile label=&quot;FromName&quot; helpText=&quot;&quot; widgetFunctionMarkup=&quot;&amp;lt;f:widgetfunction xmlns:f=&amp;quot;http://www.composite.net/ns/function/1.0&amp;quot; name=&amp;quot;Composite.Widgets.String.TextBox&amp;quot; label=&amp;quot;&amp;quot; bindingsourcename=&amp;quot;&amp;quot;&amp;gt;&amp;lt;f:helpdefinition xmlns:f=&amp;quot;http://www.composite.net/ns/function/1.0&amp;quot; helptext=&amp;quot;&amp;quot; /&amp;gt;&amp;lt;/f:widgetfunction&amp;gt;&quot; /&gt;&#xD;&#xA;      &lt;ValidationFunctionMarkups /&gt;&#xD;&#xA;    &lt;/DataFieldDescriptor&gt;&#xD;&#xA;    &lt;DataFieldDescriptor id=&quot;fd1640ee-e295-4917-a82c-573736a1d186&quot; name=&quot;FromEmail&quot; isNullable=&quot;false&quot; position=&quot;4&quot; groupByPriority=&quot;0&quot; inherited=&quot;false&quot; instanceType=&quot;System.String, mscorlib, Version=4.0.0.0, Culture=neutral, PublicKeyToken=b77a5c561934e089&quot; storeType=&quot;PhysicalStoreType='String'Length='64'&quot; isReadOnly=&quot;false&quot; defaultValue=&quot;ValueType='String'Value=''&quot;&gt;&#xD;&#xA;      &lt;FormRenderingProfile label=&quot;FromEmail&quot; helpText=&quot;&quot; widgetFunctionMarkup=&quot;&amp;lt;f:widgetfunction xmlns:f=&amp;quot;http://www.composite.net/ns/function/1.0&amp;quot; name=&amp;quot;Composite.Widgets.String.TextBox&amp;quot; label=&amp;quot;&amp;quot; bindingsourcename=&amp;quot;&amp;quot;&amp;gt;&amp;lt;f:helpdefinition xmlns:f=&amp;quot;http://www.composite.net/ns/function/1.0&amp;quot; helptext=&amp;quot;&amp;quot; /&amp;gt;&amp;lt;/f:widgetfunction&amp;gt;&quot; /&gt;&#xD;&#xA;      &lt;ValidationFunctionMarkups /&gt;&#xD;&#xA;    &lt;/DataFieldDescriptor&gt;&#xD;&#xA;  &lt;/Fields&gt;&#xD;&#xA;&lt;/DataTypeDescriptor&gt;" />
			</Types>
		</mi:Add>
		<mi:Add installerType="Composite.Core.PackageSystem.PackageFragmentInstallers.DataPackageFragmentInstaller, Composite" uninstallerType="Composite.Core.PackageSystem.PackageFragmentInstallers.DataPackageFragmentUninstaller, Composite">
			<Types>
				<Type type="Composite.Data.Types.IMethodBasedFunctionInfo,Composite">
					<Data dataScopeIdentifier="public" dataFilename="~\Datas\Composite.Data.Types.IMethodBasedFunctionInfos_public.xml" />
				</Type>
				<Type type="Composite.Data.Types.INamedFunctionCall,Composite">
					<Data dataScopeIdentifier="public" dataFilename="~\Datas\Composite.Data.Types.INamedFunctionCalls_public.xml" />
				</Type>
				<Type type="Composite.Data.Types.IParameter,Composite">
					<Data dataScopeIdentifier="public" dataFilename="~\Datas\Composite.Data.Types.IParameters_public.xml" />
				</Type>
				<Type type="Composite.Data.Types.IXsltFunction,Composite">
					<Data dataScopeIdentifier="public" dataFilename="~\Datas\Composite.Data.Types.IXsltFunctions_public.xml" />
				</Type>
			</Types>
		</mi:Add>
		<mi:Add installerType="Composite.Community.Newsletter.NewsletterPackageFragmentInstaller, Composite.Community.Newsletter.SubjectBased" uninstallerType="Composite.Community.Newsletter.NewsletterPackageFragmentUinstaller, Composite.Community.Newsletter.SubjectBased" />
	</mi:PackageFragmentInstallers>
</mi:PackageInstaller>