﻿<?xml version="1.0" encoding="utf-8"?>
<Data>
  <Add XsltFunctionId="0ed5df59-46c7-4548-929b-2016bd3f88d2" Name="GetPageId" SerializedFunction="&lt;f:function xmlns:f=&quot;http://www.composite.net/ns/function/1.0&quot; name=&quot;Composite.Pages.GetPageId&quot; /&gt;" />
  <Add XsltFunctionId="0ed5df59-46c7-4548-929b-2016bd3f88d2" Name="MailingLists" SerializedFunction="&lt;f:function xmlns:f=&quot;http://www.composite.net/ns/function/1.0&quot; name=&quot;Composite.Web.Request.FormPostValue&quot;&gt;&lt;f:param name=&quot;ParameterName&quot; value=&quot;MailingLists[]&quot; /&gt;&lt;/f:function&gt;" />
  <Add XsltFunctionId="0ed5df59-46c7-4548-929b-2016bd3f88d2" Name="SubscribeEmail" SerializedFunction="&lt;f:function xmlns:f=&quot;http://www.composite.net/ns/function/1.0&quot; name=&quot;Composite.Web.Request.FormPostValue&quot;&gt;&lt;f:param name=&quot;ParameterName&quot; value=&quot;SubscribeEmail&quot; /&gt;&lt;/f:function&gt;" />
  <Add XsltFunctionId="0ed5df59-46c7-4548-929b-2016bd3f88d2" Name="SubscribeName" SerializedFunction="&lt;f:function xmlns:f=&quot;http://www.composite.net/ns/function/1.0&quot; name=&quot;Composite.Web.Request.FormPostValue&quot;&gt;&lt;f:param name=&quot;ParameterName&quot; value=&quot;SubscribeName&quot; /&gt;&lt;/f:function&gt;" />
  <Add XsltFunctionId="0ed5df59-46c7-4548-929b-2016bd3f88d2" Name="XsltExtensions" SerializedFunction="&lt;f:function xmlns:f=&quot;http://www.composite.net/ns/function/1.0&quot; name=&quot;Composite.Community.Newsletter.XsltExtensions&quot; /&gt;" />
  <Add XsltFunctionId="eff1dd1e-b904-413d-b45b-448726b96073" Name="ConfirmEmail" SerializedFunction="&lt;f:function xmlns:f=&quot;http://www.composite.net/ns/function/1.0&quot; name=&quot;Composite.Web.Request.QueryStringValue&quot;&gt;&lt;f:param name=&quot;ParameterName&quot; value=&quot;ConfirmEmail&quot; /&gt;&lt;/f:function&gt;" />
  <Add XsltFunctionId="eff1dd1e-b904-413d-b45b-448726b96073" Name="GetMailingListDefinitionsXml" SerializedFunction="&lt;f:function xmlns:f=&quot;http://www.composite.net/ns/function/1.0&quot; name=&quot;Composite.Community.Newsletter.SubjectBased.GetMailingListDefinitionsXml&quot; /&gt;" />
  <Add XsltFunctionId="eff1dd1e-b904-413d-b45b-448726b96073" Name="MailingLists" SerializedFunction="&lt;f:function xmlns:f=&quot;http://www.composite.net/ns/function/1.0&quot; name=&quot;Composite.Web.Request.FormPostValue&quot;&gt;&lt;f:param name=&quot;ParameterName&quot; value=&quot;MailingLists[]&quot; /&gt;&lt;f:param xmlns:f=&quot;http://www.composite.net/ns/function/1.0&quot; name=&quot;FallbackValue&quot;&gt;&lt;f:function xmlns:f=&quot;http://www.composite.net/ns/function/1.0&quot; name=&quot;Composite.Web.Request.QueryStringValue&quot;&gt;&lt;f:param name=&quot;ParameterName&quot; value=&quot;MailingLists[]&quot; /&gt;&lt;/f:function&gt;&lt;/f:param&gt;&lt;/f:function&gt;" />
  <Add XsltFunctionId="eff1dd1e-b904-413d-b45b-448726b96073" Name="SubscribeButton" SerializedFunction="&lt;f:function xmlns:f=&quot;http://www.composite.net/ns/function/1.0&quot; name=&quot;Composite.Web.Request.FormPostValue&quot;&gt;&lt;f:param name=&quot;ParameterName&quot; value=&quot;SubscribeButton&quot; /&gt;&lt;/f:function&gt;" />
  <Add XsltFunctionId="eff1dd1e-b904-413d-b45b-448726b96073" Name="SubscribeEmail" SerializedFunction="&lt;f:function xmlns:f=&quot;http://www.composite.net/ns/function/1.0&quot; name=&quot;Composite.Web.Request.FormPostValue&quot;&gt;&lt;f:param name=&quot;ParameterName&quot; value=&quot;SubscribeEmail&quot; /&gt;&lt;f:param xmlns:f=&quot;http://www.composite.net/ns/function/1.0&quot; name=&quot;FallbackValue&quot;&gt;&lt;f:function xmlns:f=&quot;http://www.composite.net/ns/function/1.0&quot; name=&quot;Composite.Web.Request.QueryStringValue&quot;&gt;&lt;f:param name=&quot;ParameterName&quot; value=&quot;SubscribeEmail&quot; /&gt;&lt;/f:function&gt;&lt;/f:param&gt;&lt;/f:function&gt;" />
  <Add XsltFunctionId="eff1dd1e-b904-413d-b45b-448726b96073" Name="SubscribeName" SerializedFunction="&lt;f:function xmlns:f=&quot;http://www.composite.net/ns/function/1.0&quot; name=&quot;Composite.Web.Request.FormPostValue&quot;&gt;&lt;f:param name=&quot;ParameterName&quot; value=&quot;SubscribeName&quot; /&gt;&lt;f:param xmlns:f=&quot;http://www.composite.net/ns/function/1.0&quot; name=&quot;FallbackValue&quot;&gt;&lt;f:function xmlns:f=&quot;http://www.composite.net/ns/function/1.0&quot; name=&quot;Composite.Web.Request.QueryStringValue&quot;&gt;&lt;f:param name=&quot;ParameterName&quot; value=&quot;SubscribeName&quot; /&gt;&lt;/f:function&gt;&lt;/f:param&gt;&lt;/f:function&gt;" />
  <Add XsltFunctionId="e7c0478f-5215-45ac-89a6-5b06598e7b20" Name="GetMailingListDefinitionsXml" SerializedFunction="&lt;f:function xmlns:f=&quot;http://www.composite.net/ns/function/1.0&quot; name=&quot;Composite.Community.Newsletter.GetMailingListDefinitionsXml&quot; /&gt;" />
  <Add XsltFunctionId="e7c0478f-5215-45ac-89a6-5b06598e7b20" Name="MailingListId" SerializedFunction="&lt;f:function xmlns:f=&quot;http://www.composite.net/ns/function/1.0&quot; name=&quot;Composite.Web.Request.FormPostValue&quot;&gt;&lt;f:param name=&quot;ParameterName&quot; value=&quot;MailingListId&quot; /&gt;&lt;f:param xmlns:f=&quot;http://www.composite.net/ns/function/1.0&quot; name=&quot;FallbackValue&quot;&gt;&lt;f:function xmlns:f=&quot;http://www.composite.net/ns/function/1.0&quot; name=&quot;Composite.Web.Request.QueryStringValue&quot;&gt;&lt;f:param name=&quot;ParameterName&quot; value=&quot;MailingListId&quot; /&gt;&lt;/f:function&gt;&lt;/f:param&gt;&lt;/f:function&gt;" />
  <Add XsltFunctionId="e7c0478f-5215-45ac-89a6-5b06598e7b20" Name="UnsubscribeButton" SerializedFunction="&lt;f:function xmlns:f=&quot;http://www.composite.net/ns/function/1.0&quot; name=&quot;Composite.Web.Request.FormPostValue&quot;&gt;&lt;f:param name=&quot;ParameterName&quot; value=&quot;UnsubscribeButton&quot; /&gt;&lt;/f:function&gt;" />
  <Add XsltFunctionId="e7c0478f-5215-45ac-89a6-5b06598e7b20" Name="UnsubscribeEmail" SerializedFunction="&lt;f:function xmlns:f=&quot;http://www.composite.net/ns/function/1.0&quot; name=&quot;Composite.Web.Request.FormPostValue&quot;&gt;&lt;f:param name=&quot;ParameterName&quot; value=&quot;UnsubscribeEmail&quot; /&gt;&lt;f:param xmlns:f=&quot;http://www.composite.net/ns/function/1.0&quot; name=&quot;FallbackValue&quot;&gt;&lt;f:function xmlns:f=&quot;http://www.composite.net/ns/function/1.0&quot; name=&quot;Composite.Web.Request.QueryStringValue&quot;&gt;&lt;f:param name=&quot;ParameterName&quot; value=&quot;UnsubscribeEmail&quot; /&gt;&lt;/f:function&gt;&lt;/f:param&gt;&lt;/f:function&gt;" />
</Data>