﻿<?xml version="1.0" encoding="utf-8"?>
<Data>
  <Add Id="97a2ad9d-ed0b-4fd9-b9a2-0f4724bcc805" Type="Composite.Community.Newsletter.SubjectBased.MailingListFacade" MethodName="GetMailingListDefinitionsXml" Namespace="Composite.Community.Newsletter.SubjectBased" UserMethodName="GetMailingListDefinitionsXml" />
  <Add Id="cfdba490-4f7c-4060-8af8-3150cfdea918" Type="Composite.Community.Newsletter.SubjectBased.MailingListFacade" MethodName="Subscribe" Namespace="Composite.Community.Newsletter.SubjectBased" UserMethodName="Subscribe" />
  <Add Id="a281f9b7-9bef-4cf0-95ff-d1a734c891f4" Type="Composite.Community.Newsletter.MailingListProviderFacade" MethodName="XsltExtensions" Namespace="Composite.Community.Newsletter" UserMethodName="XsltExtensions" />
  <Add Id="3562844a-f8e0-4f2c-9a8d-0cc59cedf268" Type="Composite.Community.Newsletter.MailingListProviderFacade" MethodName="Unsubscribe" Namespace="Composite.Community.Newsletter" UserMethodName="Unsubscribe" />
  <Add Id="b9b9360e-5c01-4e0d-b888-6aa19b65c4a7" Type="Composite.Community.Newsletter.MailingListProviderFacade" MethodName="GetMailingListDefinitionsXml" Namespace="Composite.Community.Newsletter" UserMethodName="GetMailingListDefinitionsXml" />
  <Add Id="c414ff8b-77ba-494e-acb1-37df953db8ea" Type="Composite.Community.Newsletter.MailingListProviderFacade" MethodName="UnsubscribeEmail" Namespace="Composite.Community.Newsletter" UserMethodName="UnsubscribeEmail" />
  <Add Id="b56142ef-148b-4a23-804d-479d14cf6703" Type="Composite.Community.Newsletter.SubjectBased.MailingListFacade" MethodName="GetMemberObjectTypes" Namespace="Composite.Community.Newsletter.SubjectBased" UserMethodName="GetMemberObjectTypes" />
  <Add Id="7805a5a0-a287-4b07-be43-ec5f9f78a1fe" Type="Composite.Community.Newsletter.SubjectBased.MailingListFacade" MethodName="ShortLink" Namespace="Composite.Community.Newsletter.SubjectBased" UserMethodName="ShortLink" />
</Data>