﻿<?xml version="1.0" encoding="utf-8"?>
<strings>
	<string key="FunctionBased.MailingListElementActionProvider.AddNewMailingListLabel" value="Import list from function" />
	<string key="FunctionBased.MailingListElementActionProvider.AddNewMailingListToolTip" value="Import list from function" />
	<string key="FunctionBased.MailingListElementActionProvider.EditMailingListLabel" value="Edit mailing list" />
	<string key="FunctionBased.MailingListElementActionProvider.EditMailingListToolTip" value="Edit mailing list" />
	<string key="FunctionBased.MailingListElementActionProvider.DeleteMailingListLabel" value="Delete mailing list" />
	<string key="FunctionBased.MailingListElementActionProvider.DeleteMailingListToolTip" value="Delete mailing list" />
	<string key="DeleteMailingList.LabelFieldGroup" value="Delete mailing list" />
	<string key="DeleteMailingList.Text" value="Do you want to delete the mailing list?" />
	<string key="MailingList.Layout" value="Import List from function" />
	<string key="MailingList.FieldGroup" value="Mailing list" />
	<string key="MailingList.Title.Label" value="Title" />
	<string key="MailingList.Description.Label" value="Description" />
	<string key="MailingList.FunctionName.Label" value="Function" />
	<string key="MailingList.FunctionName.Help" value="Select the function that contains members for the mailing list." />

	<string key="MailingList.Title.Help" value="Specify the title for this subject-based mailing group. This description will be visible in the Subscription form on a website." />

	<string key="MailingList.Description.Help" value="Write a short description about this mailing group. This description will be visible in the Subscription form on a website." />

	<string key="FunctionBased.AddNewMailingListWorkflow.MissingActiveLanguageTitle" value="Missing active language" />
	<string key="FunctionBased.AddNewMailingListWorkflow.MissingActiveLanguageMessage" value="Missing active language" />

	<string key="FunctionBased.AddNewMailingListWorkflow.MissingFunction.Title" value="Function not found" />
	<string key="FunctionBased.AddNewMailingListWorkflow.MissingFunction.Message" value="The function with {0} name has not been found" />

	<string key="FunctionBased.AddNewMailingListWorkflow.MissingFunctionField.Title" value="'Email' field not found" />
	<string key="FunctionBased.AddNewMailingListWorkflow.MissingFunctionField.Message" value="The 'Email' field has not been found in the {0} function" />

	<string key="FunctionBased.AddNewMailingListWorkflow.ProhibitedFunctionField.Title" value="'Id' field is found" />
	<string key="FunctionBased.AddNewMailingListWorkflow.ProhibitedFunctionField.Message" value="The 'Id' field has been found in the {0} function, which is not allowed" />
</strings>